office,name,email,phone,address,notes
姫路市南畝町２－１３７ 第２ハヤシビル３F,姫路市南畝町２－１３７ 第２ハヤシビル３F,kazuhiko@tasaka-office.jp,,079-290-5731,
神戸市垂水区五色山５－９－２２ サンタウン五色山３０１,神戸市垂水区五色山５－９－２２ サンタウン五色山３０１,syaroushi-bisei-kimura@yellow.plala.or.jp,,078-708-2268,
神戸市西区井吹台西町３丁目８－１４,神戸市西区井吹台西町３丁目８－１４,y.kazuko@trust.ocn.ne.jp,,078-991-3285,
尼崎市南塚口町７丁目１－１９－１Ｆ,尼崎市南塚口町７丁目１－１９－１Ｆ,info@office-h-m.com,,06-6409-4627,
たつの市龍野町片山１１０－２,たつの市龍野町片山１１０－２,yamamoto.sharoshi@gmail.com,,0791-63-0451,
明石市二見町東二見１３３３－６－１０１,明石市二見町東二見１３３３－６－１０１,nishida@rousei.biz,,078-944-8385,
神戸市中央区北長狭通５－２－１９ コフィオ神戸元町３０７号,神戸市中央区北長狭通５－２－１９ コフィオ神戸元町３０７号,yamaue@yamaueroumu.com,,078-381-8790,
赤穂市元町３－１,赤穂市元町３－１,info@tachibana-sr.jp,,0791-25-5005,
豊岡市出石町松枝３８－１,豊岡市出石町松枝３８－１,izushi45sr41@hama-zaki.net,,090-3670-0758,
川西市東多田２－１８－４,川西市東多田２－１８－４,info@imaisr.com,,072-200-2971,
宝塚市高司３丁目３－４,宝塚市高司３丁目３－４,tfukushima@fk-support.com,,0797-74-3633,
宝塚市口谷東３丁目６７－７１,宝塚市口谷東３丁目６７－７１,masuda-h@fan.hi-ho.ne.jp,,0797-88-4195,
神戸市中央区相生町１－１－１８　８Ｆ,神戸市中央区相生町１－１－１８　８Ｆ,info@whoip-sr.com,,070-8956-7458,
姫路市神和町１６７番地,姫路市神和町１６７番地,c-tanaka.715@m2.dion.ne.jp,,079-282-1940,
神戸市中央区江戸町９８－１ 東町・江戸町ビル３１０号,神戸市中央区江戸町９８－１ 東町・江戸町ビル３１０号,info@lls-sr.asia,,078-391-6064,
神戸市東灘区御影郡家１丁目３０－２７ －２０３,神戸市東灘区御影郡家１丁目３０－２７ －２０３,makiyama_srj@yahoo.co.jp,,078-842-7831,
丹波市氷上町稲畑７６７,丹波市氷上町稲畑７６７,airwater19771115@gmail.com,,0795-82-0090,
姫路市三左衛門堀東の町７６番地 リーガルビル２－D,姫路市三左衛門堀東の町７６番地 リーガルビル２－D,info@turui-jimusyo.com,,079-240-7933,
赤穂市有年横尾１３７－３３,赤穂市有年横尾１３７－３３,aws14-sils16-tty@almond.ocn.ne.jp,,0791-46-9800,
神戸市中央区江戸町９８－１ 東町・江戸町ビル３１０号室　江戸町社労士ファーム,神戸市中央区江戸町９８－１ 東町・江戸町ビル３１０号室　江戸町社労士ファーム,,,078-391-6064,
神戸市西区王塚台４丁目３９－１,神戸市西区王塚台４丁目３９－１,sr.okamura@zeus.eonet.ne.jp,,078-925-8326,
姫路市飾磨区三宅１丁目３０,姫路市飾磨区三宅１丁目３０,h-inoue@sr-himeji.jp,,079-243-0117,
神戸市中央区相生町４丁目３－４ シャルマン神戸駅前ビル５０１,神戸市中央区相生町４丁目３－４ シャルマン神戸駅前ビル５０１,yumeno@kansai.me,,078-599-9681,
神戸市中央区江戸町８５－１ ベイ・ウィング神戸１４階,神戸市中央区江戸町８５－１ ベイ・ウィング神戸１４階,ashikai-soumu@ashikai.jp,,078-393-2160,
宝塚市伊孑志３丁目２－１ プリムローズ逆瀬川４０２号,宝塚市伊孑志３丁目２－１ プリムローズ逆瀬川４０２号,info@sr-kawasoe.jp,,0797-72-5931,
尼崎市金楽寺町２－２３－２２,尼崎市金楽寺町２－２３－２２,sr9.kinugawa@gmail.com,,06-6484-6210,
明石市東人丸町７－７,明石市東人丸町７－７,akashi77.matsuura@gmail.com,,,
神戸市中央区海岸通８番 神港ビル７階,神戸市中央区海岸通８番 神港ビル７階,office-tor@piano.ocn.ne.jp,,078-391-1900,
姫路市二階町８０,姫路市二階町８０,gogowacha@yahoo.co.jp,,080-4234-7830,
姫路市大津区天満４０６－２－１０３,姫路市大津区天満４０６－２－１０３,ysfm_morioka@ybb.ne.jp,,079-280-1223,
川西市新田１丁目３－１３ ハイツ多田２０１号,川西市新田１丁目３－１３ ハイツ多田２０１号,ich17585@nifty.com,,072-793-7190,
加古川市尾上町今福３６５－１,加古川市尾上町今福３６５－１,todajimusyo@hera.eonet.ne.jp,,079-440-3614,
明石市大久保町駅前２丁目６－８ ＮＲビル５０４,明石市大久保町駅前２丁目６－８ ＮＲビル５０４,,,078-936-2711,
伊丹市池尻６丁目８２－１－５１２,伊丹市池尻６丁目８２－１－５１２,hfh41201@hcc6.bai.ne.jp,,072-786-5963,
姫路市青山西５－１－２０,姫路市青山西５－１－２０,maekawa@river.sannet.ne.jp,,079-240-8661,
神戸市灘区八幡町２－６－１１ サン六甲２０３,神戸市灘区八幡町２－６－１１ サン六甲２０３,ei-kun@titan.ocn.ne.jp,,078-857-6800,
明石市大久保町駅前１丁目８－９ 池田壱番館３Ｆ,明石市大久保町駅前１丁目８－９ 池田壱番館３Ｆ,info@takahara-office.com,,078-934-5618,
尼崎市常松１－３０－４,尼崎市常松１－３０－４,saikoro-ht@iris.eonet.ne.jp,,06-6431-2224,
姫路市三左衛門堀西の町５８ 田中ビル１Ｆ,姫路市三左衛門堀西の町５８ 田中ビル１Ｆ,shirai@pm29.co.jp,,079-288-3073,
姫路市南条４０８－２,姫路市南条４０８－２,sr@officeoda.jp,,079-282-3366,
神戸市北区泉台３丁目３９－５－５０３,神戸市北区泉台３丁目３９－５－５０３,e-gyosei1@nifty.com,,078-594-6910,
神戸市灘区森後町２－２－４ アマービレ六甲２A,神戸市灘区森後町２－２－４ アマービレ六甲２A,aiyama-5921@kpa.biglobe.ne.jp,,078-855-5921,
宝塚市山本東１－３－３ Taurus１０１,宝塚市山本東１－３－３ Taurus１０１,info@reali-sr-office.com,,0797-61-8899,
姫路市飯田三丁目５２ オーセント飯田２０６号室,姫路市飯田三丁目５２ オーセント飯田２０６号室,suzukaze.cas1484@outlook.jp,,090-4544-5894,
姫路市東延末１丁目２４ Ｆビルハイツ３０１,姫路市東延末１丁目２４ Ｆビルハイツ３０１,info@ai-sr.com,,079-280-2824,
加古川市加古川町北在家２２４０ サードスクエア３Ｆ,加古川市加古川町北在家２２４０ サードスクエア３Ｆ,shizuyo@fujimoto-sr.com,,079-497-7928,
姫路市青山南３－１４－１,姫路市青山南３－１４－１,p-supportp@iris.eonet.ne.jp,,079-267-7789,
三田市武庫が丘８丁目２－４,三田市武庫が丘８丁目２－４,yamadamsha@sand.ocn.ne.jp,,079-559-5309,
加古郡稲美町岡７６４－２,加古郡稲美町岡７６４－２,yamatani@ycg.com,,079-496-2002,
明石市本町２丁目６－３ 綱岡ビル３Ｆ,明石市本町２丁目６－３ 綱岡ビル３Ｆ,kitada-sr@joygolf.net,,078-918-1897,
川西市萩原台西１－２６９,川西市萩原台西１－２６９,hd_toshiki@yahoo.co.jp,,090-9119-4864,
神戸市兵庫区新開地１－４－１６－９０２,神戸市兵庫区新開地１－４－１６－９０２,cak11840@blue.ocn.ne.jp,,078-531-3862,
兵庫県神戸市中央区加納町４丁目１０番２３号 ロイヤル神戸三宮８０７号,兵庫県神戸市中央区加納町４丁目１０番２３号 ロイヤル神戸三宮８０７号,hirofumi.nagai@core-aal.jp,,,
神戸市中央区多聞通４－４－１１－２０１,神戸市中央区多聞通４－４－１１－２０１,akustah2891@yahoo.co.jp,,078-351-0143,
神戸市中央区小野柄通３－１－１１ 芙蓉ビル北館４Ｆ,神戸市中央区小野柄通３－１－１１ 芙蓉ビル北館４Ｆ,info@kobesannomiyasr.com,,078-252-2055,
加西市常吉町５８－１,加西市常吉町５８－１,sbstogo@yahoo.co.jp,,0790-47-1147,
宝塚市野上５－４－６８,宝塚市野上５－４－６８,,,0797-78-8561,
神戸市東灘区本山南町８－６－２６ 東神戸センタービルＥ棟３階,神戸市東灘区本山南町８－６－２６ 東神戸センタービルＥ棟３階,info@sr-okamoto.com,,078-411-9939,
美方郡香美町村岡区市原３１０－７,美方郡香美町村岡区市原３１０－７,sr-kuroda@maia.eonet.ne.jp,,0796-80-1062,
神戸市北区星和台２－５８－５,神戸市北区星和台２－５８－５,jiro.yasuda@kobe.zaq.jp,,078-594-5664,
明石市二見町東二見１１７－１ ﾗｲｵﾝｽﾞﾏﾝｼｮﾝ明石海浜公園６０４号,明石市二見町東二見１１７－１ ﾗｲｵﾝｽﾞﾏﾝｼｮﾝ明石海浜公園６０４号,orb-roum@leto.eonet.ne.jp,,078-219-5201,
神戸市兵庫区中道通７丁目１－１３ ふようビル２Ｆ,神戸市兵庫区中道通７丁目１－１３ ふようビル２Ｆ,ty@aaa.email.ne.jp,,078-579-0730,
神戸市東灘区田中町５－１－５,神戸市東灘区田中町５－１－５,tsuji_roumu_05@yahoo.co.jp,,078-891-5057,
加古郡播磨町北野添１－１０－１６ ジャン・セリバテール１０５,加古郡播磨町北野添１－１０－１６ ジャン・セリバテール１０５,k-maeda@sepia.ocn.ne.jp,,078-920-8849,
神戸市長田区西代通４丁目３－７ Ⅱメルヘン２階,神戸市長田区西代通４丁目３－７ Ⅱメルヘン２階,univer-jimusho@maia.eonet.ne.jp,,078-742-6110,
南あわじ市広田広田６８３－７,南あわじ市広田広田６８３－７,kawai-office@nike.eonet.ne.jp,,0799-45-2568,
姫路市安田３－１１６ ハッピーコート駅南大路１Ｆ,姫路市安田３－１１６ ハッピーコート駅南大路１Ｆ,info@ushiojimusyo.com,,079-286-8730,
明石市大明石町２－５－１－１０２０,明石市大明石町２－５－１－１０２０,aphelion104@gaia.eonet.ne.jp,,078-919-6275,
尼崎市東難波町５－２－１７ シンコム尼崎３階,尼崎市東難波町５－２－１７ シンコム尼崎３階,roumushi@aol.com,,06-6482-1717,
丹波篠山市垣屋３７７,丹波篠山市垣屋３７７,prkg70550@iris.eonet.ne.jp,,0795-93-0807,
神戸市中央区橘通３－３－４,神戸市中央区橘通３－３－４,info@office-season.com,,078-351-3901,
神戸市兵庫区塚本通７丁目２－１９,神戸市兵庫区塚本通７丁目２－１９,info@yuriokaoffice.jp,,078-577-6722,
尼崎市金楽町２丁目３７番１０号－２Ｆ,尼崎市金楽町２丁目３７番１０号－２Ｆ,k-tsujii.sr@hns-partner.com,,06-6481-2300,
明石市魚住町錦ヶ丘３丁目２０－２９,明石市魚住町錦ヶ丘３丁目２０－２９,higuchi3060@topaz.ocn.ne.jp,,078-947-3060,
神戸市灘区楠丘町６－４－２,神戸市灘区楠丘町６－４－２,mitsuyo@kcc.zaq.ne.jp,,078-821-6815,
宝塚市中州1丁目８－２１,宝塚市中州1丁目８－２１,info@uwa.pepo.jp,,0797-74-3810,
神戸市垂水区日向２丁目１－１ 勝見ビル３０１,神戸市垂水区日向２丁目１－１ 勝見ビル３０１,hiro@slc-watanabe.com,,078-709-7850,
神戸市中央区海岸通５番地 商船三井ビル,神戸市中央区海岸通５番地 商船三井ビル,info@kobe-kaigan-office.com,,078-392-8150,
小野市山田町１４１,小野市山田町１４１,mmatsuo@mh1.117.ne.jp,,0794-64-2301,
神戸市中央区京町７９番地 日本ビルヂング６０２号,神戸市中央区京町７９番地 日本ビルヂング６０２号,yoshiko@pearl-office.com,,078-381-6546,
神戸市中央区磯辺通３－１－２ 大和地所三宮ビル４０８,神戸市中央区磯辺通３－１－２ 大和地所三宮ビル４０８,t.higuchi@higuchi-sr-office.jp,,078-855-3466,
神戸市兵庫区上沢通１－１－１ 米澤ビル４０１,神戸市兵庫区上沢通１－１－１ 米澤ビル４０１,info@oknsr.com,,078-578-0161,
川西市清和台西２丁目３－７０,川西市清和台西２丁目３－７０,tsr@maia.eonet.ne.jp,,072-799-5430,
神戸市西区伊川谷町上脇１００６－７－１０３,神戸市西区伊川谷町上脇１００６－７－１０３,sr-kohashi@nifty.com,,078-585-6368,
神戸市北区藤原台中町６－１８－４,神戸市北区藤原台中町６－１８－４,kikuchi.sr-office@ymail.ne.jp,,090-8673-7716,
姫路市飾磨区阿成渡場３０６,姫路市飾磨区阿成渡場３０６,tanakajimusho@mail.goo.ne.jp,,079-235-8050,
洲本市千草丙１６０－２,洲本市千草丙１６０－２,koda@sumoto.gr.jp,,0799-23-3658,
伊丹市鈴原町８－４７－１,伊丹市鈴原町８－４７－１,wtxyh102@ybb.ne.jp,,072-783-6842,
神戸市中央区相生町１－１－１－３０７,神戸市中央区相生町１－１－１－３０７,mayumi.sr@nifty.com,,078-200-4999,
神戸市東灘区北青木３丁目７－２,神戸市東灘区北青木３丁目７－２,spz374y9@opal.ocn.ne.jp,,078-431-0714,
姫路市飾磨区今在家北３丁目３番地,姫路市飾磨区今在家北３丁目３番地,info@takeuchi-sr.com,,079-227-1518,
姫路市東今宿１丁目４番４０号,姫路市東今宿１丁目４番４０号,michioka@blue.ocn.ne.jp,,079-298-7751,
加古郡稲美町北山１２６４－６６,加古郡稲美町北山１２６４－６６,suppor@matsuo-romu.jp,,079-492-8284,
姫路市安田３丁目１０８－１ やすだタウンプラザ２Ｆ,姫路市安田３丁目１０８－１ やすだタウンプラザ２Ｆ,y.mazda@f7.dion.ne.jp,,079-284-3491,
姫路市白鳥台２－６－３１,姫路市白鳥台２－６－３１,apple.sr@outlook.jp,,079-227-7675,
川西市美山台１－２－２９,川西市美山台１－２－２９,srcc-hashimoto@jttk.zaq.ne.jp,,072-794-6850,
神戸市中央区三宮町１丁目１－１ 百十四銀行ビル,神戸市中央区三宮町１丁目１－１ 百十四銀行ビル,hcm-sr@arc-sr.jp,,078-333-9960,
姫路市大塩町２１０－６,姫路市大塩町２１０－６,yutash48@siren.ocn.ne.jp,,079-254-0851,
神戸市北区有野中町４－１９－１４－３０１,神戸市北区有野中町４－１９－１４－３０１,lfoqb641@ybb.ne.jp,,078-981-6056,
加西市上道山町１０２３,加西市上道山町１０２３,jxdigd6335@yahoo.co.jp,,0790-44-0444,
姫路市北条４３２－２－１－１０７,姫路市北条４３２－２－１－１０７,srpbrain@gmail.com,,079-221-5967,
姫路市余部区上余部１９４－９,姫路市余部区上余部１９４－９,info@himeji-mirai.com,,079-227-5537,
加古川市加古川町北在家２４４２,加古川市加古川町北在家２４４２,trust-kakogawa@arice.co.jp,,079-422-5767,
たつの市神岡町野部７８５,たつの市神岡町野部７８５,h-roumu@nike.eonet.ne.jp,,0791-65-1616,
神戸市垂水区名谷町室山１４００－１０６ ルイシャトレ垂水１－７０４,神戸市垂水区名谷町室山１４００－１０６ ルイシャトレ垂水１－７０４,nakabe.tk@nakabe-sr-office.net,,090-1592-4509,
神戸市中央区北長狭通５－４－７ －８０５,神戸市中央区北長狭通５－４－７ －８０５,nakamura_wataru@outlook.jp,,,
神戸市中央区伊藤町１１０－２ 伊藤町YANAGIDAビルＮｏ．３６,神戸市中央区伊藤町１１０－２ 伊藤町YANAGIDAビルＮｏ．３６,iwashita@gmail.com,,090-7095-4266,
姫路市白浜町甲３９９,姫路市白浜町甲３９９,takashi22@mua.biglobe.ne.jp,,079-247-0130,
加古川市加古川町北在家３５６６－２０２,加古川市加古川町北在家３５６６－２０２,k.nekoda@office-nekonote.com,,079-441-7577,
姫路市栗山町１２６番地 イノウエビル５階Ａ号室,姫路市栗山町１２６番地 イノウエビル５階Ａ号室,info@watanabe.roumu-shi.jp,,079-286-8195,
伊丹市船原２－３－１－２０２,伊丹市船原２－３－１－２０２,tamura.sharou@hotmail.co.jp,,072-781-4864,
伊丹市西台１－２－３ 山本不動産ビル８０５,伊丹市西台１－２－３ 山本不動産ビル８０５,nishimura0828@ezweb.ne.jp,,072-783-8289,
明石市大明石町１－１１－１－４１０,明石市大明石町１－１１－１－４１０,sr-nakagawa@spice.ocn.ne.jp,,078-911-9453,
加古川市平岡町二俣７５８－２５,加古川市平岡町二俣７５８－２５,takifusa@sage.ocn.ne.jp,,079-430-6368,
赤穂市加里屋上町７４－２－２０１,赤穂市加里屋上町７４－２－２０１,onishi@iplan21.com,,0791-42-1221,
神戸市東灘区住吉宮町４－１－１３ 真砂ビル３０１,神戸市東灘区住吉宮町４－１－１３ 真砂ビル３０１,googoogo@gmail.com,,078-854-9850,
朝来市山東町滝田１６３－１ フォレストハイツＡ－１０３,朝来市山東町滝田１６３－１ フォレストハイツＡ－１０３,zbb65682.olive@orange.zero.jp,,079-676-5120,
三田市高次１－１０－３５,三田市高次１－１０－３５,sr_toyokawa@yahoo.co.jp,,079-563-4101,
西脇市西脇５６７－２６,西脇市西脇５６７－２６,ca-okamoto@tkcnf.or.jp,,0795-22-3517,
尼崎市塚口町１－１４－１３ フローラルコート５０２,尼崎市塚口町１－１４－１３ フローラルコート５０２,,,06-6415-9214,
姫路市木場１４２０－２９,姫路市木場１４２０－２９,myf@herb.ocn.ne.jp,,079-246-3686,
小野市大島町７１４－１,小野市大島町７１４－１,info@syarousi-tanaka.com,,0794-63-2931,
神戸市西区井吹台西町３丁目１１－２,神戸市西区井吹台西町３丁目１１－２,sr.ide1995@gmail.com,,090-3737-5017,
姫路市広畑区正門通３丁目１－４ サクラメント広畑１０２Ｂ,姫路市広畑区正門通３丁目１－４ サクラメント広畑１０２Ｂ,t-office@eos.ocn.ne.jp,,079-237-9711,
尼崎市大西町１丁目１４－２７,尼崎市大西町１丁目１４－２７,yosi_2951@nifty.com,,06-6421-3464,
姫路市久保町３８,姫路市久保町３８,murota@ferita-sr.com,,079-297-8877,
神戸市中央区磯上通４－３－１０ －１１０８,神戸市中央区磯上通４－３－１０ －１１０８,akeno@akeno-kobe.com,,078-241-1460,
川西市小花１－２０－１０ アジュール小花１０１号,川西市小花１－２０－１０ アジュール小花１０１号,office@shibata-tax.jp,,072-756-7040,
尼崎市塚口町１－１８－１７ Ｔｓｕｋａｇｕｃｈｉ生祐ビル６階,尼崎市塚口町１－１８－１７ Ｔｓｕｋａｇｕｃｈｉ生祐ビル６階,info@akari-sg.com,,06-7174-7349,
尼崎市昭和通２丁目７－１ ニューアルカイックビル７階,尼崎市昭和通２丁目７－１ ニューアルカイックビル７階,yoshimatsum@kagawa-office.co.jp,,06-6155-6995,
神戸市灘区泉通１－３－７,神戸市灘区泉通１－３－７,ma89fu22@kcc.zaq.ne.jp,,078-861-1919,
神戸市東灘区住吉宮町３－１５－２２ －７０２,神戸市東灘区住吉宮町３－１５－２２ －７０２,ishikawa-roumu@sky.hi-ho.ne.jp,,078-262-1015,
西宮市甲子園口３－２９－２０ 太陽ビル３０１,西宮市甲子園口３－２９－２０ 太陽ビル３０１,syarousihi-g@almond.ocn.ne.jp,,0798-78-3222,
神戸市北区上津台６－１６－２３,神戸市北区上津台６－１６－２３,fuu-han@nomsan.net,,090-4286-0430,
神戸市中央区磯辺通４－２－８ 田嶋ビル２Ｆ,神戸市中央区磯辺通４－２－８ 田嶋ビル２Ｆ,n-kawamura323@silk.ocn.ne.jp,,078-862-9007,
神戸市兵庫区大開通８丁目 １－３－２０２,神戸市兵庫区大開通８丁目 １－３－２０２,y.terada@dion.ne.jp,,078-512-3232,
神戸市北区鈴蘭台東町９丁目８番５号,神戸市北区鈴蘭台東町９丁目８番５号,nakajima.sr.cc.5p@gmail.com,,078-904-6181,
加西市北条町栗田２－２ ル・ヴァンエスポワール３０７,加西市北条町栗田２－２ ル・ヴァンエスポワール３０７,korira@zeus.eonet.ne.jp,,0790-35-8867,
尼崎市東難波町５－８－２６ リアライズ尼崎５階５Ａ,尼崎市東難波町５－８－２６ リアライズ尼崎５階５Ａ,sr.akiyama.t@gmail.com,,06-6409-4260,
加古川市加古川町粟津１０９５,加古川市加古川町粟津１０９５,masa-u@sr-ueda.com,,079-421-0320,
兵庫県神戸市中央区東町１２３－１ 貿易ビル３０３,兵庫県神戸市中央区東町１２３－１ 貿易ビル３０３,info@kobe-kosei.com,,078-200-6516,
西脇市西脇６５８番地の８１,西脇市西脇６５８番地の８１,tsukuda@meg-sr.com,,0795-21-9005,
三木市大村６３－４８,三木市大村６３－４８,hkisii@siren.ocn.ne.jp,,0794-82-8612,
明石市西明石北町３丁目１－１０ 三宝第一ビル３０２号,明石市西明石北町３丁目１－１０ 三宝第一ビル３０２号,okada@shigyo.com,,078-923-5081,
宍粟市山崎町青木３１３,宍粟市山崎町青木３１３,info@fujita-sr.com,,0790-65-9922,
川西市小戸１丁目１番１１号 エステムコート川西能勢口２０２号室,川西市小戸１丁目１番１１号 エステムコート川西能勢口２０２号室,info@sremi.pro,,072-769-5759,
高砂市曽根町９５７－１８,高砂市曽根町９５７－１８,office.fukudome@siren.ocn.ne.jp,,079-451-7436,
神戸市中央区京町７６－１ 明海三宮ビル３Ｆ,神戸市中央区京町７６－１ 明海三宮ビル３Ｆ,sr-t.asai@spice.ocn.ne.jp,,078-599-6348,
明石市大明石町２－４－１０－１００４,明石市大明石町２－４－１０－１００４,yamamoto.y.sr@gmail.com,,078-915-7789,
神崎郡福崎町西田原１１５８－５,神崎郡福崎町西田原１１５８－５,,,0790-23-1110,
神戸市灘区桜口町２－１－１８,神戸市灘区桜口町２－１－１８,urano.sr.office@gmail.com,,090-6823-1878,
姫路市東辻井３－３－１０ ロイヤルステイツ東辻井１０２,姫路市東辻井３－３－１０ ロイヤルステイツ東辻井１０２,himeji.consulting@gmail.com,,079-290-5289,
神戸市北区藤原台北町１丁目１８－１５号,神戸市北区藤原台北町１丁目１８－１５号,n_fujii_plm@ybb.ne.jp,,078-907-5885,
伊丹市中央３－２－６ ＩＣＢ伊丹中央ビル５０３,伊丹市中央３－２－６ ＩＣＢ伊丹中央ビル５０３,kawawaki@sr-kawawaki.com,,072-768-9320,
神戸市東灘区森北町６－６－４３,神戸市東灘区森北町６－６－４３,uehararokurokuso8888@gmail.com,,078-452-4880,
神戸市兵庫区松原通５丁目１－２１ －１１０５号,神戸市兵庫区松原通５丁目１－２１ －１１０５号,sr-nakamura1101@ninus.ocn.ne.jp,,078-335-8865,
神戸市中央区東町１２３－１ 貿易ビル５０１号,神戸市中央区東町１２３－１ 貿易ビル５０１号,kobeoffice@navy.plala.or.jp,,078-393-1606,
神戸市中央区元町通５丁目２－３ 甲南サンシティ元町７１２号,神戸市中央区元町通５丁目２－３ 甲南サンシティ元町７１２号,t.maekawa15@nifty.com,,078-351-1105,
宍粟市山崎町宇野５１８－４,宍粟市山崎町宇野５１８－４,f.kouyama@beach.ocn.ne.jp,,0790-65-0211,
神戸市中央区北長狭通５－１－２１ 福建会館ビル３０１号,神戸市中央区北長狭通５－１－２１ 福建会館ビル３０１号,y.kasutani@kiraris.or.jp,,078-367-5233,
神戸市中央区国香通５－２－１３,神戸市中央区国香通５－２－１３,sr.imaoka@gmail.com,,078-855-6843,
小野市広渡町５８９－１,小野市広渡町５８９－１,syaroshi2822@yahoo.co.jp,,0794-88-8590,
加西市坂元町３０９－５,加西市坂元町３０９－５,numazawa0808@basil.ocn.ne.jp,,0790-27-8552,
南あわじ市福良丙７３３,南あわじ市福良丙７３３,kojirof@jeans.ocn.ne.jp,,0799-52-0587,
姫路市野里１０９－１０,姫路市野里１０９－１０,,,079-288-8326,
芦屋市東山町１８－１,芦屋市東山町１８－１,isosigi@dol.hi-ho.ne.jp,,0797-22-3953,
神戸市中央区元町通７丁目１－２ ネオアージュ神戸元町３０４,神戸市中央区元町通７丁目１－２ ネオアージュ神戸元町３０４,mini@officemirai.jp,,078-381-6260,
宝塚市口谷西１丁目２０－６－２０１,宝塚市口谷西１丁目２０－６－２０１,akikazu@arion.ocn.ne.jp,,0797-89-4414,
神戸市中央区三宮町３丁目７－６,神戸市中央区三宮町３丁目７－６,FZD00657@nifty.ne.jp,,078-332-3617,
神戸市北区鈴蘭台北町３－１２－１６ －５１２,神戸市北区鈴蘭台北町３－１２－１６ －５１２,ko-be@sr-nakano.biz,,078-907-5719,
神戸市兵庫区中道通６丁目１－２９－２０１,神戸市兵庫区中道通６丁目１－２９－２０１,kakigi@leaf.ocn.ne.jp,,078-511-0848,
揖保郡太子町東保４８５－２ アクティブ森１０１,揖保郡太子町東保４８５－２ アクティブ森１０１,office88shuto@zeus.eonet.ne.jp,,079-277-3808,
神戸市中央区北長狭通５－２－１９ コフィオ神戸元町２０１,神戸市中央区北長狭通５－２－１９ コフィオ神戸元町２０１,success-s@ray.ocn.ne.jp,,078-597-7355,
神戸市垂水区高丸３丁目２－９,神戸市垂水区高丸３丁目２－９,hiroike@mte.biglobe.ne.jp,,078-742-7125,
神崎郡福崎町福田１１６－１ 福崎町商工会館３階,神崎郡福崎町福田１１６－１ 福崎町商工会館３階,dandoko@quartz.ocn.ne.jp,,0790-35-8879,
尼崎市潮江１丁目７－１－７０３,尼崎市潮江１丁目７－１－７０３,dumbo.masami1964@ninus.ocn.ne.jp,,06-6498-0451,
姫路市南条５２７－１ 尾上会計事務所内,姫路市南条５２７－１ 尾上会計事務所内,koyama-sr@zeus.eonet.ne.jp,,079-288-3811,
加西市油谷町４３,加西市油谷町４３,yosida-r@alto.ocn.ne.jp,,0790-45-1334,
神戸市中央区多聞通２丁目５－１４,神戸市中央区多聞通２丁目５－１４,sugimoto-t@mbn.nifty.com,,078-341-1572,
伊丹市千僧１－１９ 千伊ビル２０１,伊丹市千僧１－１９ 千伊ビル２０１,,,0727-85-6533,
姫路市下寺町１１４番地 下寺町ビル４階,姫路市下寺町１１４番地 下寺町ビル４階,czi12666@nifty.ne.jp,,079-289-0407,
神戸市中央区多聞通３丁目３－１６ 甲南第一ビル６０３,神戸市中央区多聞通３丁目３－１６ 甲南第一ビル６０３,matsunaga@mtb.biglobe.ne.jp,,078-361-2228,
三田市けやき台５－２５－１－３０７,三田市けやき台５－２５－１－３０７,sr0024-office@nike.eonet.ne.jp,,079-506-1385,
明石市樽屋町１５－１ 樽屋町峠ビル２０１号,明石市樽屋町１５－１ 樽屋町峠ビル２０１号,info@office-himawari.com,,078-920-9481,
伊丹市大野１－６１－１－６０１,伊丹市大野１－６１－１－６０１,sr-hashimotoe@kha.biglobe.ne.jp,,072-784-9480,
神戸市灘区上野通１丁目２－１５－４１２,神戸市灘区上野通１丁目２－１５－４１２,safe-driving@oki-sr.com,,078-777-6555,
加古川市加古川町本町３０８－１,加古川市加古川町本町３０８－１,kuratani@js9.so-net.ne.jp,,079-422-3253,
丹波市氷上町稲畑７６７,丹波市氷上町稲畑７６７,kimichan-1212@gaia.eonet.ne.jp,,0795-82-0090,
姫路市白国４－１６－１０－８,姫路市白国４－１６－１０－８,m-tai@peace.ocn.ne.jp,,079-288-2903,
神戸市北区星和台２丁目５番地の１２,神戸市北区星和台２丁目５番地の１２,salt_peanuts@nifty.com,,090-8456-3813,
宝塚市梅野町１－２５－３０１,宝塚市梅野町１－２５－３０１,m_mayuko@icloud.com,,080-5159-7990,
姫路市玉手１－１６１－１,姫路市玉手１－１６１－１,info@kuroshiba.com,,079-332-6948,
三木市大塚２４４－５ メディカルコート３階３０２,三木市大塚２４４－５ メディカルコート３階３０２,h-office@h-synergy.co.jp,,0794-86-7888,
宝塚市梅野町５番７－７０５号,宝塚市梅野町５番７－７０５号,ibushi-sr@ibushi.biz,,0797-71-7880,
たつの市龍野町片山２７番地３,たつの市龍野町片山２７番地３,roumu@triton.ocn.ne.jp,,0791-62-0905,
川西市大和西５丁目２４－２０,川西市大和西５丁目２４－２０,,,072-792-6380,
西宮市五月ヶ丘９－１４,西宮市五月ヶ丘９－１４,mro@mte.biglobe.ne.jp,,0798-71-3714,
姫路市西中島２８０－３１ ２Ｆ,姫路市西中島２８０－３１ ２Ｆ,sr_ktanaka@outlook.jp,,090-8824-8138,
明石市大久保町谷八木６２１－１０,明石市大久保町谷八木６２１－１０,benishosi@gmail.com,,078-934-0787,
宝塚市高司１丁目７－８,宝塚市高司１丁目７－８,mondent@m10.alpha-net.ne.jp,,0797-71-5478,
神戸市東灘区魚崎北町３－１－１５,神戸市東灘区魚崎北町３－１－１５,k6n7mastugen@yahoo.co.jp,,078-414-7181,
姫路市夢前町菅生澗１９７４－１３０,姫路市夢前町菅生澗１９７４－１３０,sr-nakata@hm.h555.net,,079-335-2531,
たつの市神岡町寄井１４４－５,たつの市神岡町寄井１４４－５,sr_200503806@nike.eonet.ne.jp,,0791-60-2108,
姫路市飾磨区阿成植木１０４０－３,姫路市飾磨区阿成植木１０４０－３,h@muramatsu-sr.com,,079-240-7062,
姫路市青山西５丁目５－８,姫路市青山西５丁目５－８,joy40032382@ai.wakwak.com,,079-267-4194,
神戸市西区小山３丁目８－１１,神戸市西区小山３丁目８－１１,ikeda-office55@kpd.biglobe.ne.jp,,078-939-7772,
姫路市伊伝居５６－８,姫路市伊伝居５６－８,kymmmh@beige.plala.or.jp,,079-281-5328,
伊丹市南野５－９－２２,伊丹市南野５－９－２２,maeda-sr55@outlook.jp,,090-3055-5934,
神戸市中央区海岸通８番 神港ビルヂング４２５号・４２６号,神戸市中央区海岸通８番 神港ビルヂング４２５号・４２６号,kato@sr-genki.com,,078-335-7017,
姫路市東今宿３丁目５－２３ 坪田ビル２０４,姫路市東今宿３丁目５－２３ 坪田ビル２０４,mamoru-t@mh1.117.ne.jp,,079-295-2080,
たつの市神岡町大住寺６６８－３６,たつの市神岡町大住寺６６８－３６,nishiharima@hera.eonet.ne.jp,,0791-64-7838,
神戸市東灘区魚崎南町４－１４－１７ 吉田ビラ２０４,神戸市東灘区魚崎南町４－１４－１７ 吉田ビラ２０４,sr-hagiwara2@kcc.zaq.ne.jp,,078-451-5302,
神戸市中央区伊藤町１１０－２ 神戸ポートビル旧居留地８Ｆ－１６,神戸市中央区伊藤町１１０－２ 神戸ポートビル旧居留地８Ｆ－１６,sr.kanki73@gmail.com,,078-321-2533,
明石市朝霧北町３７７７－８ サングレイス朝霧３０１号室,明石市朝霧北町３７７７－８ サングレイス朝霧３０１号室,yuzo@sr-kassai.com,,078-745-5477,
神戸市東灘区本山北町５－１６－２,神戸市東灘区本山北町５－１６－２,hanako8751209@yahoo.co.jp,,090-3161-6935,
三田市中町１－７－８０１,三田市中町１－７－８０１,baycia4291@yahoo.co.jp,,079-562-2566,
淡路市志筑新島１０－４６ アストラ淡路ビル２０３号,淡路市志筑新島１０－４６ アストラ淡路ビル２０３号,information@shimizu-sr-office.com,,0799-70-5801,
豊岡市奥野１１０１番地,豊岡市奥野１１０１番地,sekioka@ares.eonet.ne.jp,,0796-27-0188,
姫路市北条宮の町４１１,姫路市北条宮の町４１１,shirasetai@meg.winknet.ne.jp,,079-285-3620,
姫路市北今宿３丁目９－１５,姫路市北今宿３丁目９－１５,fkjimusyo@email.plala.or.jp,,090-6973-1505,
加古川市平岡町新在家２－２７１－１ ２番館ビル３Ｆ,加古川市平岡町新在家２－２７１－１ ２番館ビル３Ｆ,first-assist-ko@kyj.biglobe.ne.jp,,079-425-7736,
神戸市中央区磯辺通４－２－８ 田嶋ビル６Ｆ,神戸市中央区磯辺通４－２－８ 田嶋ビル６Ｆ,office@seed-sr.jp,,078-252-1220,
姫路市井ノ口４４３－２６,姫路市井ノ口４４３－２６,sr-isrkj@meg.winknet.ne.jp,,079-278-3889,
神戸市中央区橘通４丁目１－２７ ビバリーハウス神戸１０２,神戸市中央区橘通４丁目１－２７ ビバリーハウス神戸１０２,,,078-367-5350,
姫路市西夢前台２－２０－３－２０３,姫路市西夢前台２－２０－３－２０３,office_keiko@nike.eonet.ne.jp,,079-260-7448,
神戸市中央区栄町通１－１－２４ 神戸ライフパートナーズ栄町ビル３Ｆ,神戸市中央区栄町通１－１－２４ 神戸ライフパートナーズ栄町ビル３Ｆ,y-nishida@trust-works.co.jp,,078-325-3130,
姫路市飾磨区清水７０番地１－２階,姫路市飾磨区清水７０番地１－２階,sr-masuda@masuda-sr.com,,079-243-1666,
姫路市東延末１丁目４ 東亜ビル２F,姫路市東延末１丁目４ 東亜ビル２F,nanao@nanao-sr.com,,079-240-7091,
神戸市東灘区向洋町中６－９ 神戸ファッションマート８Ｅ－２２,神戸市東灘区向洋町中６－９ 神戸ファッションマート８Ｅ－２２,,,078-857-0801,
西宮市津門住江町８－１６－８１５,西宮市津門住江町８－１６－８１５,habuchi@sky.memail.jp,,0798-23-1553,
三田市川除１４８,三田市川除１４８,ikedamto@hera.eonet.ne.jp,,0795-62-9051,
神戸市須磨区西落合６丁目１－４８ －２０４,神戸市須磨区西落合６丁目１－４８ －２０４,sr-inoue@r8.dion.ne.jp,,078-791-8079,
加古川市加古川町溝之口７５２ 寺本ビル４階,加古川市加古川町溝之口７５２ 寺本ビル４階,srjmiyata@seagreen.ocn.ne.jp,,079-451-6664,
神戸市中央区磯辺通３丁目１－２ 第三建大ビル６０３号Ｂ,神戸市中央区磯辺通３丁目１－２ 第三建大ビル６０３号Ｂ,,,078-891-5188,
神戸市灘区篠原北町４丁目１３－３,神戸市灘区篠原北町４丁目１３－３,phenix@opal.famille.ne.jp,,078-882-4352,
兵庫県神戸市灘区岩屋北町４－３－１５ ベルメゾン岩屋２階,兵庫県神戸市灘区岩屋北町４－３－１５ ベルメゾン岩屋２階,haguruma.sr@gmail.com,,078-881-2510,
神戸市西区秋葉台１丁目５６－５９,神戸市西区秋葉台１丁目５６－５９,srofficenakano@gmail.com,,090-8536-3794,
加古郡播磨町野添城２丁目２番１３号,加古郡播磨町野添城２丁目２番１３号,saekishakaihokenromusi@yahoo.co.jp,,090-8449-2198,
神戸市中央区北長狭通５丁目２－１９ コフィオ神戸元町４１１,神戸市中央区北長狭通５丁目２－１９ コフィオ神戸元町４１１,,,078-595-9879,
宝塚市小浜２－５－２５－７１７,宝塚市小浜２－５－２５－７１７,tsuji.sr.5567@gmail.com,,050-3173-5567,
姫路市広畑区東夢前台４丁目５５番地,姫路市広畑区東夢前台４丁目５５番地,tani@all-support.org,,079-228-9927,
神戸市東灘区御影３－２－１１,神戸市東灘区御影３－２－１１,hasuike-sr@tiara.ocn.ne.jp,,078-843-2680,
西宮市池田町９－２０ ブリックコート西宮６階Ｃ－１５,西宮市池田町９－２０ ブリックコート西宮６階Ｃ－１５,maeda@sr-rewarding.com,,050-3152-9700,
神戸市中央区琴ノ緒町４－１－２８２,神戸市中央区琴ノ緒町４－１－２８２,hideki.dan.kobe@gmail.com,,090-7344-1122,
神戸市中央区三宮町１丁目１－１ 新神戸ビル４０２,神戸市中央区三宮町１丁目１－１ 新神戸ビル４０２,1732@samurai-lc.co.jp,,078-333-5501,
西宮市甲東園１丁目１－６ パセオ甲東１１０,西宮市甲東園１丁目１－６ パセオ甲東１１０,smilesr7180@gmail.com,,090-3436-6113,
加古川市野口町北野１２１１－６,加古川市野口町北野１２１１－６,sr-shindou@gaia.eonet.ne.jp,,079-420-2152,
西宮市高座町５－４,西宮市高座町５－４,tsuruda.ayumi.sr@gmail.com,,050-7115-0272,
明石市大明石町２丁目５番１－１２４号,明石市大明石町２丁目５番１－１２４号,aohnishi@hri-sr.jp,,078-917-7222,
尼崎市南武庫之荘３－２４－２０ エスト第１ビル,尼崎市南武庫之荘３－２４－２０ エスト第１ビル,sumitanit.sr@gmail.com,,080-1452-4800,
神戸市中央区三宮町３丁目７－６ 神戸元町ユニオンビル４Ｆ,神戸市中央区三宮町３丁目７－６ 神戸元町ユニオンビル４Ｆ,,,078-333-9330,
神戸市東灘区本山南町８－６－２６ 東神戸センタービルＥ棟３階,神戸市東灘区本山南町８－６－２６ 東神戸センタービルＥ棟３階,info@sr-okamoto.com,,078-411-9939,
尼崎市東園田町５丁目５６－１ プレアデス４０２号,尼崎市東園田町５丁目５６－１ プレアデス４０２号,fujita-roumu@sage.ocn.ne.jp,,06-7161-8687,
神戸市中央区磯上通８丁目１番８号 －６０２号室,神戸市中央区磯上通８丁目１番８号 －６０２号室,bskobe202205@gaia.eonet.ne.jp,,078-230-0533,
神戸市中央区三宮町１－３－１５,神戸市中央区三宮町１－３－１５,kagawa@to-ki.gr.jp,,078-392-3346,
